id,name,age,city
1,John Doe,30,New York
2,Jane Smith,25,Los Angeles
3,Bob Johnson,40,Chicago
4,Alice Williams,35,Houston
5,Michael Brown,28,Phoenix
6,Linda Davis,32,Philadelphia
7,David Wilson,45,San Antonio
8,Susan Moore,27,San Diego
9,James Taylor,38,Dallas
10,Patricia Anderson,29,San Jose
11,Chris Lee,31,San Francisco
12,Jessica White,26,Seattle
13,Daniel Harris,33,Denver
14,Karen Martin,37,Boston
15,Matthew Clark,41,Portland
16,Nancy Lewis,34,Las Vegas
17,Paul Young,39,Miami
18,Laura King,36,Atlanta
19,Mark Wright,42,Orlando
20,Emily Scott,24,Minneapolis
21,Steven Green,43,Detroit
22,Betty Adams,44,Charlotte
23,George Baker,23,Columbus
24,Dorothy Nelson,22,Indianapolis
25,Edward Carter,21,Fort Worth
26,Helen Mitchell,20,El Paso
27,Frank Perez,19,Nashville
28,Ruth Roberts,18,Memphis
29,Raymond Turner,17,Oklahoma City
30,Shirley Phillips,16,Louisville
31,Jack Campbell,15,Baltimore
32,Janet Parker,14,Milwaukee
33,Henry Evans,13,Albuquerque
34,Emma Edwards,12,Tucson
35,Samuel Collins,11,Fresno
36,Virginia Stewart,10,Sacramento
37,Arthur Sanchez,9,Kansas City
38,Rebecca Morris,8,Long Beach
39,Harold Rogers,7,Mesa
40,Anna Reed,6,Colorado Springs
41,Carl Cook,5,Virginia Beach
42,Gloria Morgan,4,Omaha
43,Joe Bell,3,Oakland
44,Alice Murphy,2,Minneapolis
45,Peter Bailey,1,Tulsa
46,John Doe,30,New York
47,Jane Smith,25,Los Angeles
48,Bob Johnson,40,Chicago
49,Alice Williams,35,Houston
50,Michael Brown,28,Phoenix
51,Linda Davis,32,Philadelphia
52,David Wilson,45,San Antonio
53,Susan Moore,27,San Diego
54,James Taylor,38,Dallas
55,Patricia Anderson,29,San Jose
56,Chris Lee,31,San Francisco
57,Jessica White,26,Seattle
58,Daniel Harris,33,Denver
59,Karen Martin,37,Boston
60,Matthew Clark,41,Portland
61,Nancy Lewis,34,Las Vegas
62,Paul Young,39,Miami
63,Laura King,36,Atlanta
64,Mark Wright,42,Orlando
65,Emily Scott,24,Minneapolis
66,Steven Green,43,Detroit
67,Betty Adams,44,Charlotte
68,George Baker,23,Columbus
69,Dorothy Nelson,22,Indianapolis
70,Edward Carter,21,Fort Worth
71,Helen Mitchell,20,El Paso
72,Frank Perez,19,Nashville
73,Ruth Roberts,18,Memphis
74,Raymond Turner,17,Oklahoma City
75,Shirley Phillips,16,Louisville
76,Jack Campbell,15,Baltimore
77,Janet Parker,14,Milwaukee
78,Henry Evans,13,Albuquerque
79,Emma Edwards,12,Tucson
80,Samuel Collins,11,Fresno
81,Virginia Stewart,10,Sacramento
82,Arthur Sanchez,9,Kansas City
83,Rebecca Morris,8,Long Beach
84,Harold Rogers,7,Mesa
85,Anna Reed,6,Colorado Springs
86,Carl Cook,5,Virginia Beach
87,Gloria Morgan,4,Omaha
88,Joe Bell,3,Oakland
89,Alice Murphy,2,Minneapolis
90,Peter Bailey,1,Tulsa
91,John Doe,30,New York
92,Jane Smith,25,Los Angeles
93,Bob Johnson,40,Chicago
94,Alice Williams,35,Houston
95,Michael Brown,28,Phoenix
96,Linda Davis,32,Philadelphia
97,David Wilson,45,San Antonio
98,Susan Moore,27,San Diego
99,James Taylor,38,Dallas
100,Patricia Anderson,29,San Jose
101,Chris Lee,31,San Francisco
102,Jessica White,26,Seattle
103,Daniel Harris,33,Denver
104,Karen Martin,37,Boston
105,Matthew Clark,41,Portland
106,Nancy Lewis,34,Las Vegas
107,Paul Young,39,Miami
108,Laura King,36,Atlanta
109,Mark Wright,42,Orlando
110,Emily Scott,24,Minneapolis
111,Steven Green,43,Detroit
112,Betty Adams,44,Charlotte
113,George Baker,23,Columbus
114,Dorothy Nelson,22,Indianapolis
115,Edward Carter,21,Fort Worth
116,Helen Mitchell,20,El Paso
117,Frank Perez,19,Nashville
118,Ruth Roberts,18,Memphis
119,Raymond Turner,17,Oklahoma City
120,Shirley Phillips,16,Louisville
121,Jack Campbell,15,Baltimore
122,Janet Parker,14,Milwaukee
123,Henry Evans,13,Albuquerque
124,Emma Edwards,12,Tucson
125,Samuel Collins,11,Fresno
126,Virginia Stewart,10,Sacramento
127,Arthur Sanchez,9,Kansas City
128,Rebecca Morris,8,Long Beach
129,Harold Rogers,7,Mesa
130,Anna Reed,6,Colorado Springs
131,Carl Cook,5,Virginia Beach
132,Gloria Morgan,4,Omaha
133,Joe Bell,3,Oakland
134,Alice Murphy,2,Minneapolis
135,Peter Bailey,1,Tulsa
136,John Doe,30,New York
137,Jane Smith,25,Los Angeles
138,Bob Johnson,40,Chicago
139,Alice Williams,35,Houston
140,Michael Brown,28,Phoenix
141,Linda Davis,32,Philadelphia
142,David Wilson,45,San Antonio
143,Susan Moore,27,San Diego
144,James Taylor,38,Dallas
145,Patricia Anderson,29,San Jose
146,Chris Lee,31,San Francisco
147,Jessica White,26,Seattle
148,Daniel Harris,33,Denver
149,Karen Martin,37,Boston
150,Matthew Clark,41,Portland
151,Nancy Lewis,34,Las Vegas
152,Paul Young,39,Miami
153,Laura King,36,Atlanta
154,Mark Wright,42,Orlando
155,Emily Scott,24,Minneapolis
156,Steven Green,43,Detroit
157,Betty Adams,44,Charlotte
158,George Baker,23,Columbus
159,Dorothy Nelson,22,Indianapolis
160,Edward Carter,21,Fort Worth
161,Helen Mitchell,20,El Paso
162,Frank Perez,19,Nashville
163,Ruth Roberts,18,Memphis
164,Raymond Turner,17,Oklahoma City
165,Shirley Phillips,16,Louisville
166,Jack Campbell,15,Baltimore
167,Janet Parker,14,Milwaukee
168,Henry Evans,13,Albuquerque
169,Emma Edwards,12,Tucson
170,Samuel Collins,11,Fresno
171,Virginia Stewart,10,Sacramento
172,Arthur Sanchez,9,Kansas City
173,Rebecca Morris,8,Long Beach
174,Harold Rogers,7,Mesa
175,Anna Reed,6,Colorado Springs
176,Carl Cook,5,Virginia Beach
177,Gloria Morgan,4,Omaha
178,Joe Bell,3,Oakland
179,Alice Murphy,2,Minneapolis
180,Peter Bailey,1,Tulsa
181,John Doe,30,New York
182,Jane Smith,25,Los Angeles
183,Bob Johnson,40,Chicago
184,Alice Williams,35,Houston
185,Michael Brown,28,Phoenix
186,Linda Davis,32,Philadelphia
187,David Wilson,45,San Antonio
188,Susan Moore,27,San Diego
189,James Taylor,38,Dallas
190,Patricia Anderson,29,San Jose
191,Chris Lee,31,San Francisco
192,Jessica White,26,Seattle
193,Daniel Harris,33,Denver
194,Karen Martin,37,Boston
195,Matthew Clark,41,Portland
196,Nancy Lewis,34,Las Vegas
197,Paul Young,39,Miami
198,Laura King,36,Atlanta
199,Mark Wright,42,Orlando
200,Emily Scott,24,Minneapolis
201,Steven Green,43,Detroit
202,Betty Adams,44,Charlotte
203,George Baker,23,Columbus
204,Dorothy Nelson,22,Indianapolis
205,Edward Carter,21,Fort Worth
206,Helen Mitchell,20,El Paso
207,Frank Perez,19,Nashville
208,Ruth Roberts,18,Memphis
209,Raymond Turner,17,Oklahoma City
210,Shirley Phillips,16,Louisville
211,Jack Campbell,15,Baltimore
212,Janet Parker,14,Milwaukee
213,Henry Evans,13,Albuquerque
214,Emma Edwards,12,Tucson
215,Samuel Collins,11,Fresno
216,Virginia Stewart,10,Sacramento
217,Arthur Sanchez,9,Kansas City
218,Rebecca Morris,8,Long Beach
219,Harold Rogers,7,Mesa
220,Anna Reed,6,Colorado Springs
221,Carl Cook,5,Virginia Beach
222,Gloria Morgan,4,Omaha
223,Joe Bell,3,Oakland
224,Alice Murphy,2,Minneapolis
225,Peter Bailey,1,Tulsa
226,John Doe,30,New York
227,Jane Smith,25,Los Angeles
228,Bob Johnson,40,Chicago
229,Alice Williams,35,Houston
230,Michael Brown,28,Phoenix
231,Linda Davis,32,Philadelphia
232,David Wilson,45,San Antonio
233,Susan Moore,27,San Diego
234,James Taylor,38,Dallas
235,Patricia Anderson,29,San Jose
236,Chris Lee,31,San Francisco
237,Jessica White,26,Seattle
238,Daniel Harris,33,Denver
239,Karen Martin,37,Boston
240,Matthew Clark,41,Portland
241,Nancy Lewis,34,Las Vegas
242,Paul Young,39,Miami
243,Laura King,36,Atlanta
244,Mark Wright,42,Orlando
245,Emily Scott,24,Minneapolis
246,Steven Green,43,Detroit
247,Betty Adams,44,Charlotte
248,George Baker,23,Columbus
249,Dorothy Nelson,22,Indianapolis
250,Edward Carter,21,Fort Worth
251,Helen Mitchell,20,El Paso
252,Frank Perez,19,Nashville
253,Ruth Roberts,18,Memphis
254,Raymond Turner,17,Oklahoma City
255,Shirley Phillips,16,Louisville
256,Jack Campbell,15,Baltimore
257,Janet Parker,14,Milwaukee
258,Henry Evans,13,Albuquerque
259,Emma Edwards,12,Tucson
260,Samuel Collins,11,Fresno
261,Virginia Stewart,10,Sacramento
262,Arthur Sanchez,9,Kansas City
263,Rebecca Morris,8,Long Beach
264,Harold Rogers,7,Mesa
265,Anna Reed,6,Colorado Springs
266,Carl Cook,5,Virginia Beach
267,Gloria Morgan,4,Omaha
268,Joe Bell,3,Oakland
269,Alice Murphy,2,Minneapolis
270,Peter Bailey,1,Tulsa
271,John Doe,30,New York
272,Jane Smith,25,Los Angeles
273,Bob Johnson,40,Chicago
274,Alice Williams,35,Houston
275,Michael Brown,28,Phoenix
276,Linda Davis,32,Philadelphia
277,David Wilson,45,San Antonio
278,Susan Moore,27,San Diego
279,James Taylor,38,Dallas
280,Patricia Anderson,29,San Jose
281,Chris Lee,31,San Francisco
282,Jessica White,26,Seattle
283,Daniel Harris,33,Denver
284,Karen Martin,37,Boston
285,Matthew Clark,41,Portland
286,Nancy Lewis,34,Las Vegas
287,Paul Young,39,Miami
288,Laura King,36,Atlanta
289,Mark Wright,42,Orlando
290,Emily Scott,24,Minneapolis
291,Steven Green,43,Detroit
292,Betty Adams,44,Charlotte
293,George Baker,23,Columbus
294,Dorothy Nelson,22,Indianapolis
295,Edward Carter,21,Fort Worth
296,Helen Mitchell,20,El Paso
297,Frank Perez,19,Nashville
298,Ruth Roberts,18,Memphis
299,Raymond Turner,17,Oklahoma City
300,Shirley Phillips,16,Louisville
301,Jack Campbell,15,Baltimore
302,Janet Parker,14,Milwaukee
303,Henry Evans,13,Albuquerque
304,Emma Edwards,12,Tucson
305,Samuel Collins,11,Fresno
306,Virginia Stewart,10,Sacramento
307,Arthur Sanchez,9,Kansas City
308,Rebecca Morris,8,Long Beach
309,Harold Rogers,7,Mesa
310,Anna Reed,6,Colorado Springs
311,Carl Cook,5,Virginia Beach
312,Gloria Morgan,4,Omaha
313,Joe Bell,3,Oakland
314,Alice Murphy,2,Minneapolis
315,Peter Bailey,1,Tulsa
316,John Doe,30,New York
317,Jane Smith,25,Los Angeles
318,Bob Johnson,40,Chicago
319,Alice Williams,35,Houston
320,Michael Brown,28,Phoenix
321,Linda Davis,32,Philadelphia
322,David Wilson,45,San Antonio
323,Susan Moore,27,San Diego
324,James Taylor,38,Dallas
325,Patricia Anderson,29,San Jose
326,Chris Lee,31,San Francisco
327,Jessica White,26,Seattle
328,Daniel Harris,33,Denver
329,Karen Martin,37,Boston
330,Matthew Clark,41,Portland
331,Nancy Lewis,34,Las Vegas
332,Paul Young,39,Miami
333,Laura King,36,Atlanta
334,Mark Wright,42,Orlando
335,Emily Scott,24,Minneapolis
336,Steven Green,43,Detroit
337,Betty Adams,44,Charlotte
338,George Baker,23,Columbus
339,Dorothy Nelson,22,Indianapolis
340,Edward Carter,21,Fort Worth
341,Helen Mitchell,20,El Paso
342,Frank Perez,19,Nashville
343,Ruth Roberts,18,Memphis
344,Raymond Turner,17,Oklahoma City
345,Shirley Phillips,16,Louisville
346,Jack Campbell,15,Baltimore
347,Janet Parker,14,Milwaukee
348,Henry Evans,13,Albuquerque
349,Emma Edwards,12,Tucson
350,Samuel Collins,11,Fresno
351,Virginia Stewart,10,Sacramento
352,Arthur Sanchez,9,Kansas City
353,Rebecca Morris,8,Long Beach
354,Harold Rogers,7,Mesa
355,Anna Reed,6,Colorado Springs
356,Carl Cook,5,Virginia Beach
357,Gloria Morgan,4,Omaha
358,Joe Bell,3,Oakland
359,Alice Murphy,2,Minneapolis
360,Peter Bailey,1,Tulsa
361,John Doe,30,New York
362,Jane Smith,25,Los Angeles
363,Bob Johnson,40,Chicago
364,Alice Williams,35,Houston
365,Michael Brown,28,Phoenix
366,Linda Davis,32,Philadelphia
367,David Wilson,45,San Antonio
368,Susan Moore,27,San Diego
369,James Taylor,38,Dallas
370,Patricia Anderson,29,San Jose
371,Chris Lee,31,San Francisco
372,Jessica White,26,Seattle
373,Daniel Harris,33,Denver
374,Karen Martin,37,Boston
375,Matthew Clark,41,Portland
376,Nancy Lewis,34,Las Vegas
377,Paul Young,39,Miami
378,Laura King,36,Atlanta
379,Mark Wright,42,Orlando
380,Emily Scott,24,Minneapolis
381,Steven Green,43,Detroit
382,Betty Adams,44,Charlotte
383,George Baker,23,Columbus
384,Dorothy Nelson,22,Indianapolis
385,Edward Carter,21,Fort Worth
386,Helen Mitchell,20,El Paso
387,Frank Perez,19,Nashville
388,Ruth Roberts,18,Memphis
389,Raymond Turner,17,Oklahoma City
390,Shirley Phillips,16,Louisville
391,Jack Campbell,15,Baltimore
392,Janet Parker,14,Milwaukee
393,Henry Evans,13,Albuquerque
394,Emma Edwards,12,Tucson
395,Samuel Collins,11,Fresno
396,Virginia Stewart,10,Sacramento
397,Arthur Sanchez,9,Kansas City
398,Rebecca Morris,8,Long Beach
399,Harold Rogers,7,Mesa
400,Anna Reed,6,Colorado Springs
401,Carl Cook,5,Virginia Beach
402,Gloria Morgan,4,Omaha
403,Joe Bell,3,Oakland
404,Alice Murphy,2,Minneapolis
405,Peter Bailey,1,Tulsa
406,John Doe,30,New York
407,Jane Smith,25,Los Angeles
408,Bob Johnson,40,Chicago
409,Alice Williams,35,Houston
410,Michael Brown,28,Phoenix
411,Linda Davis,32,Philadelphia
412,David Wilson,45,San Antonio
413,Susan Moore,27,San Diego
414,James Taylor,38,Dallas
415,Patricia Anderson,29,San Jose
416,Chris Lee,31,San Francisco
417,Jessica White,26,Seattle
418,Daniel Harris,33,Denver
419,Karen Martin,37,Boston
420,Matthew Clark,41,Portland
421,Nancy Lewis,34,Las Vegas
422,Paul Young,39,Miami
423,Laura King,36,Atlanta
424,Mark Wright,42,Orlando
425,Emily Scott,24,Minneapolis
426,Steven Green,43,Detroit
427,Betty Adams,44,Charlotte
428,George Baker,23,Columbus
429,Dorothy Nelson,22,Indianapolis
430,Edward Carter,21,Fort Worth
431,Helen Mitchell,20,El Paso
432,Frank Perez,19,Nashville
433,Ruth Roberts,18,Memphis
434,Raymond Turner,17,Oklahoma City
435,Shirley Phillips,16,Louisville
436,Jack Campbell,15,Baltimore
437,Janet Parker,14,Milwaukee
438,Henry Evans,13,Albuquerque
439,Emma Edwards,12,Tucson
440,Samuel Collins,11,Fresno
441,Virginia Stewart,10,Sacramento
442,Arthur Sanchez,9,Kansas City
443,Rebecca Morris,8,Long Beach
444,Harold Rogers,7,Mesa
445,Anna Reed,6,Colorado Springs
446,Carl Cook,5,Virginia Beach
447,Gloria Morgan,4,Omaha
448,Joe Bell,3,Oakland
449,Alice Murphy,2,Minneapolis
450,Peter Bailey,1,Tulsa
451,John Doe,30,New York
452,Jane Smith,25,Los Angeles
453,Bob Johnson,40,Chicago
454,Alice Williams,35,Houston
455,Michael Brown,28,Phoenix
456,Linda Davis,32,Philadelphia
457,David Wilson,45,San Antonio
458,Susan Moore,27,San Diego
459,James Taylor,38,Dallas
460,Patricia Anderson,29,San Jose
461,Chris Lee,31,San Francisco
462,Jessica White,26,Seattle
463,Daniel Harris,33,Denver
464,Karen Martin,37,Boston
465,Matthew Clark,41,Portland
466,Nancy Lewis,34,Las Vegas
467,Paul Young,39,Miami
468,Laura King,36,Atlanta
469,Mark Wright,42,Orlando
470,Emily Scott,24,Minneapolis
471,Steven Green,43,Detroit
472,Betty Adams,44,Charlotte
473,George Baker,23,Columbus
474,Dorothy Nelson,22,Indianapolis
475,Edward Carter,21,Fort Worth
476,Helen Mitchell,20,El Paso
477,Frank Perez,19,Nashville
478,Ruth Roberts,18,Memphis
479,Raymond Turner,17,Oklahoma City
480,Shirley Phillips,16,Louisville
481,Jack Campbell,15,Baltimore
482,Janet Parker,14,Milwaukee
483,Henry Evans,13,Albuquerque
484,Emma Edwards,12,Tucson
485,Samuel Collins,11,Fresno
486,Virginia Stewart,10,Sacramento
487,Arthur Sanchez,9,Kansas City
488,Rebecca Morris,8,Long Beach
489,Harold Rogers,7,Mesa
490,Anna Reed,6,Colorado Springs
491,Carl Cook,5,Virginia Beach
492,Gloria Morgan,4,Omaha
493,Joe Bell,3,Oakland
494,Alice Murphy,2,Minneapolis
495,Peter Bailey,1,Tulsa
496,John Doe,30,New York
497,Jane Smith,25,Los Angeles
498,Bob Johnson,40,Chicago
499,Alice Williams,35,Houston
500,Michael Brown,28,Phoenix
501,Linda Davis,32,Philadelphia
502,David Wilson,45,San Antonio
503,Susan Moore,27,San Diego
504,James Taylor,38,Dallas
505,Patricia Anderson,29,San Jose
506,Chris Lee,31,San Francisco
507,Jessica White,26,Seattle
508,Daniel Harris,33,Denver
509,Karen Martin,37,Boston
510,Matthew Clark,41,Portland
511,Nancy Lewis,34,Las Vegas
512,Paul Young,39,Miami
513,Laura King,36,Atlanta
514,Mark Wright,42,Orlando
515,Emily Scott,24,Minneapolis
516,Steven Green,43,Detroit
517,Betty Adams,44,Charlotte
518,George Baker,23,Columbus
519,Dorothy Nelson,22,Indianapolis
520,Edward Carter,21,Fort Worth
521,Helen Mitchell,20,El Paso
522,Frank Perez,19,Nashville
523,Ruth Roberts,18,Memphis
524,Raymond Turner,17,Oklahoma City
525,Shirley Phillips,16,Louisville
526,Jack Campbell,15,Baltimore
527,Janet Parker,14,Milwaukee
528,Henry Evans,13,Albuquerque
529,Emma Edwards,12,Tucson
530,Samuel Collins,11,Fresno
531,Virginia Stewart,10,Sacramento
532,Arthur Sanchez,9,Kansas City
533,Rebecca Morris,8,Long Beach
534,Harold Rogers,7,Mesa
535,Anna Reed,6,Colorado Springs
536,Carl Cook,5,Virginia Beach
537,Gloria Morgan,4,Omaha
538,Joe Bell,3,Oakland
539,Alice Murphy,2,Minneapolis
540,Peter Bailey,1,Tulsa
541,John Doe,30,New York
542,Jane Smith,25,Los Angeles
543,Bob Johnson,40,Chicago
544,Alice Williams,35,Houston
545,Michael Brown,28,Phoenix
546,Linda Davis,32,Philadelphia
547,David Wilson,45,San Antonio
548,Susan Moore,27,San Diego
549,James Taylor,38,Dallas
550,Patricia Anderson,29,San Jose
551,Chris Lee,31,San Francisco
552,Jessica White,26,Seattle
553,Daniel Harris,33,Denver
554,Karen Martin,37,Boston
555,Matthew Clark,41,Portland
556,Nancy Lewis,34,Las Vegas
557,Paul Young,39,Miami
558,Laura King,36,Atlanta
559,Mark Wright,42,Orlando
560,Emily Scott,24,Minneapolis
561,Steven Green,43,Detroit
562,Betty Adams,44,Charlotte
563,George Baker,23,Columbus
564,Dorothy Nelson,22,Indianapolis
565,Edward Carter,21,Fort Worth
566,Helen Mitchell,20,El Paso
567,Frank Perez,19,Nashville
568,Ruth Roberts,18,Memphis
569,Raymond Turner,17,Oklahoma City
570,Shirley Phillips,16,Louisville
571,Jack Campbell,15,Baltimore
572,Janet Parker,14,Milwaukee
573,Henry Evans,13,Albuquerque
574,Emma Edwards,12,Tucson
575,Samuel Collins,11,Fresno
576,Virginia Stewart,10,Sacramento
577,Arthur Sanchez,9,Kansas City
578,Rebecca Morris,8,Long Beach
579,Harold Rogers,7,Mesa
580,Anna Reed,6,Colorado Springs
581,Carl Cook,5,Virginia Beach
582,Gloria Morgan,4,Omaha
583,Joe Bell,3,Oakland
584,Alice Murphy,2,Minneapolis
585,Peter Bailey,1,Tulsa
586,John Doe,30,New York
587,Jane Smith,25,Los Angeles
588,Bob Johnson,40,Chicago
589,Alice Williams,35,Houston
590,Michael Brown,28,Phoenix
591,Linda Davis,32,Philadelphia
592,David Wilson,45,San Antonio
593,Susan Moore,27,San Diego
594,James Taylor,38,Dallas
595,Patricia Anderson,29,San Jose
596,Chris Lee,31,San Francisco
597,Jessica White,26,Seattle
598,Daniel Harris,33,Denver
599,Karen Martin,37,Boston
600,Matthew Clark,41,Portland
601,Nancy Lewis,34,Las Vegas
602,Paul Young,39,Miami
603,Laura King,36,Atlanta
604,Mark Wright,42,Orlando
605,Emily Scott,24,Minneapolis
606,Steven Green,43,Detroit
607,Betty Adams,44,Charlotte
608,George Baker,23,Columbus
609,Dorothy Nelson,22,Indianapolis
610,Edward Carter,21,Fort Worth
611,Helen Mitchell,20,El Paso
612,Frank Perez,19,Nashville
613,Ruth Roberts,18,Memphis
614,Raymond Turner,17,Oklahoma City
615,Shirley Phillips,16,Louisville
616,Jack Campbell,15,Baltimore
617,Janet Parker,14,Milwaukee
618,Henry Evans,13,Albuquerque
619,Emma Edwards,12,Tucson
620,Samuel Collins,11,Fresno
621,Virginia Stewart,10,Sacramento
622,Arthur Sanchez,9,Kansas City
623,Rebecca Morris,8,Long Beach
624,Harold Rogers,7,Mesa
625,Anna Reed,6,Colorado Springs
626,Carl Cook,5,Virginia Beach
627,Gloria Morgan,4,Omaha
628,Joe Bell,3,Oakland
629,Alice Murphy,2,Minneapolis
630,Peter Bailey,1,Tulsa
631,John Doe,30,New York
632,Jane Smith,25,Los Angeles
633,Bob Johnson,40,Chicago
634,Alice Williams,35,Houston
635,Michael Brown,28,Phoenix
636,Linda Davis,32,Philadelphia
637,David Wilson,45,San Antonio
638,Susan Moore,27,San Diego
639,James Taylor,38,Dallas
640,Patricia Anderson,29,San Jose
641,Chris Lee,31,San Francisco
642,Jessica White,26,Seattle
643,Daniel Harris,33,Denver
644,Karen Martin,37,Boston
645,Matthew Clark,41,Portland
646,Nancy Lewis,34,Las Vegas
647,Paul Young,39,Miami
648,Laura King,36,Atlanta
649,Mark Wright,42,Orlando
650,Emily Scott,24,Minneapolis
651,Steven Green,43,Detroit
652,Betty Adams,44,Charlotte
653,George Baker,23,Columbus
654,Dorothy Nelson,22,Indianapolis
655,Edward Carter,21,Fort Worth
656,Helen Mitchell,20,El Paso
657,Frank Perez,19,Nashville
658,Ruth Roberts,18,Memphis
659,Raymond Turner,17,Oklahoma City
660,Shirley Phillips,16,Louisville
661,Jack Campbell,15,Baltimore
662,Janet Parker,14,Milwaukee
663,Henry Evans,13,Albuquerque
664,Emma Edwards,12,Tucson
665,Samuel Collins,11,Fresno
666,Virginia Stewart,10,Sacramento
667,Arthur Sanchez,9,Kansas City
668,Rebecca Morris,8,Long Beach
669,Harold Rogers,7,Mesa
670,Anna Reed,6,Colorado Springs
671,Carl Cook,5,Virginia Beach
672,Gloria Morgan,4,Omaha
673,Joe Bell,3,Oakland
674,Alice Murphy,2,Minneapolis
675,Peter Bailey,1,Tulsa
676,John Doe,30,New York
677,Jane Smith,25,Los Angeles
678,Bob Johnson,40,Chicago
679,Alice Williams,35,Houston
680,Michael Brown,28,Phoenix
681,Linda Davis,32,Philadelphia
682,David Wilson,45,San Antonio
683,Susan Moore,27,San Diego
684,James Taylor,38,Dallas
685,Patricia Anderson,29,San Jose
686,Chris Lee,31,San Francisco
687,Jessica White,26,Seattle
688,Daniel Harris,33,Denver
689,Karen Martin,37,Boston
690,Matthew Clark,41,Portland
691,Nancy Lewis,34,Las Vegas
692,Paul Young,39,Miami
693,Laura King,36,Atlanta
694,Mark Wright,42,Orlando
695,Emily Scott,24,Minneapolis
696,Steven Green,43,Detroit
697,Betty Adams,44,Charlotte
698,George Baker,23,Columbus
699,Dorothy Nelson,22,Indianapolis
700,Edward Carter,21,Fort Worth
701,Helen Mitchell,20,El Paso
702,Frank Perez,19,Nashville
703,Ruth Roberts,18,Memphis
704,Raymond Turner,17,Oklahoma City
705,Shirley Phillips,16,Louisville
706,Jack Campbell,15,Baltimore
707,Janet Parker,14,Milwaukee
708,Henry Evans,13,Albuquerque
709,Emma Edwards,12,Tucson
710,Samuel Collins,11,Fresno
711,Virginia Stewart,10,Sacramento
712,Arthur Sanchez,9,Kansas City
713,Rebecca Morris,8,Long Beach
714,Harold Rogers,7,Mesa
715,Anna Reed,6,Colorado Springs
716,Carl Cook,5,Virginia Beach
717,Gloria Morgan,4,Omaha
718,Joe Bell,3,Oakland
719,Alice Murphy,2,Minneapolis
720,Peter Bailey,1,Tulsa
721,John Doe,30,New York
722,Jane Smith,25,Los Angeles
723,Bob Johnson,40,Chicago
724,Alice Williams,35,Houston
725,Michael Brown,28,Phoenix
726,Linda Davis,32,Philadelphia
727,David Wilson,45,San Antonio
728,Susan Moore,27,San Diego
729,James Taylor,38,Dallas
730,Patricia Anderson,29,San Jose
731,Chris Lee,31,San Francisco
732,Jessica White,26,Seattle
733,Daniel Harris,33,Denver
734,Karen Martin,37,Boston
735,Matthew Clark,41,Portland
736,Nancy Lewis,34,Las Vegas
737,Paul Young,39,Miami
738,Laura King,36,Atlanta
739,Mark Wright,42,Orlando
740,Emily Scott,24,Minneapolis
741,Steven Green,43,Detroit
742,Betty Adams,44,Charlotte
743,George Baker,23,Columbus
744,Dorothy Nelson,22,Indianapolis
745,Edward Carter,21,Fort Worth
746,Helen Mitchell,20,El Paso
747,Frank Perez,19,Nashville
748,Ruth Roberts,18,Memphis
749,Raymond Turner,17,Oklahoma City
750,Shirley Phillips,16,Louisville
751,Jack Campbell,15,Baltimore
752,Janet Parker,14,Milwaukee
753,Henry Evans,13,Albuquerque
754,Emma Edwards,12,Tucson
755,Samuel Collins,11,Fresno
756,Virginia Stewart,10,Sacramento
757,Arthur Sanchez,9,Kansas City
758,Rebecca Morris,8,Long Beach
759,Harold Rogers,7,Mesa
760,Anna Reed,6,Colorado Springs
761,Carl Cook,5,Virginia Beach
762,Gloria Morgan,4,Omaha
763,Joe Bell,3,Oakland
764,Alice Murphy,2,Minneapolis
765,Peter Bailey,1,Tulsa
766,John Doe,30,New York
767,Jane Smith,25,Los Angeles
768,Bob Johnson,40,Chicago
769,Alice Williams,35,Houston
770,Michael Brown,28,Phoenix
771,Linda Davis,32,Philadelphia
772,David Wilson,45,San Antonio
773,Susan Moore,27,San Diego
774,James Taylor,38,Dallas
775,Patricia Anderson,29,San Jose
776,Chris Lee,31,San Francisco
777,Jessica White,26,Seattle
778,Daniel Harris,33,Denver
779,Karen Martin,37,Boston
780,Matthew Clark,41,Portland
781,Nancy Lewis,34,Las Vegas
782,Paul Young,39,Miami
783,Laura King,36,Atlanta
784,Mark Wright,42,Orlando
785,Emily Scott,24,Minneapolis
786,Steven Green,43,Detroit
787,Betty Adams,44,Charlotte
788,George Baker,23,Columbus
789,Dorothy Nelson,22,Indianapolis
790,Edward Carter,21,Fort Worth
791,Helen Mitchell,20,El Paso
792,Frank Perez,19,Nashville
793,Ruth Roberts,18,Memphis
794,Raymond Turner,17,Oklahoma City
795,Shirley Phillips,16,Louisville
796,Jack Campbell,15,Baltimore
797,Janet Parker,14,Milwaukee
798,Henry Evans,13,Albuquerque
799,Emma Edwards,12,Tucson
800,Samuel Collins,11,Fresno
801,Virginia Stewart,10,Sacramento
802,Arthur Sanchez,9,Kansas City
803,Rebecca Morris,8,Long Beach
804,Harold Rogers,7,Mesa
805,Anna Reed,6,Colorado Springs
806,Carl Cook,5,Virginia Beach
807,Gloria Morgan,4,Omaha
808,Joe Bell,3,Oakland
809,Alice Murphy,2,Minneapolis
810,Peter Bailey,1,Tulsa
811,John Doe,30,New York
812,Jane Smith,25,Los Angeles
813,Bob Johnson,40,Chicago
814,Alice Williams,35,Houston
815,Michael Brown,28,Phoenix
816,Linda Davis,32,Philadelphia
817,David Wilson,45,San Antonio
818,Susan Moore,27,San Diego
819,James Taylor,38,Dallas
820,Patricia Anderson,29,San Jose
821,Chris Lee,31,San Francisco
822,Jessica White,26,Seattle
823,Daniel Harris,33,Denver
824,Karen Martin,37,Boston
825,Matthew Clark,41,Portland
826,Nancy Lewis,34,Las Vegas
827,Paul Young,39,Miami
828,Laura King,36,Atlanta
829,Mark Wright,42,Orlando
830,Emily Scott,24,Minneapolis
831,Steven Green,43,Detroit
832,Betty Adams,44,Charlotte
833,George Baker,23,Columbus
834,Dorothy Nelson,22,Indianapolis
835,Edward Carter,21,Fort Worth
836,Helen Mitchell,20,El Paso
837,Frank Perez,19,Nashville
838,Ruth Roberts,18,Memphis
839,Raymond Turner,17,Oklahoma City
840,Shirley Phillips,16,Louisville
841,Jack Campbell,15,Baltimore
842,Janet Parker,14,Milwaukee
843,Henry Evans,13,Albuquerque
844,Emma Edwards,12,Tucson
845,Samuel Collins,11,Fresno
846,Virginia Stewart,10,Sacramento
847,Arthur Sanchez,9,Kansas City
848,Rebecca Morris,8,Long Beach
849,Harold Rogers,7,Mesa
850,Anna Reed,6,Colorado Springs
851,Carl Cook,5,Virginia Beach
852,Gloria Morgan,4,Omaha
853,Joe Bell,3,Oakland
854,Alice Murphy,2,Minneapolis
855,Peter Bailey,1,Tulsa
856,John Doe,30,New York
857,Jane Smith,25,Los Angeles
858,Bob Johnson,40,Chicago
859,Alice Williams,35,Houston
860,Michael Brown,28,Phoenix
861,Linda Davis,32,Philadelphia
862,David Wilson,45,San Antonio
863,Susan Moore,27,San Diego
864,James Taylor,38,Dallas
865,Patricia Anderson,29,San Jose
866,Chris Lee,31,San Francisco
867,Jessica White,26,Seattle
868,Daniel Harris,33,Denver
869,Karen Martin,37,Boston
870,Matthew Clark,41,Portland
871,Nancy Lewis,34,Las Vegas
872,Paul Young,39,Miami
873,Laura King,36,Atlanta
874,Mark Wright,42,Orlando
875,Emily Scott,24,Minneapolis
876,Steven Green,43,Detroit
877,Betty Adams,44,Charlotte
878,George Baker,23,Columbus
879,Dorothy Nelson,22,Indianapolis
880,Edward Carter,21,Fort Worth
881,Helen Mitchell,20,El Paso
882,Frank Perez,19,Nashville
883,Ruth Roberts,18,Memphis
884,Raymond Turner,17,Oklahoma City
885,Shirley Phillips,16,Louisville
886,Jack Campbell,15,Baltimore
887,Janet Parker,14,Milwaukee
888,Henry Evans,13,Albuquerque
889,Emma Edwards,12,Tucson
890,Samuel Collins,11,Fresno
891,Virginia Stewart,10,Sacramento
892,Arthur Sanchez,9,Kansas City
893,Rebecca Morris,8,Long Beach
894,Harold Rogers,7,Mesa
895,Anna Reed,6,Colorado Springs
896,Carl Cook,5,Virginia Beach
897,Gloria Morgan,4,Omaha
898,Joe Bell,3,Oakland
899,Alice Murphy,2,Minneapolis
900,Peter Bailey,1,Tulsa
901,John Doe,30,New York
902,Jane Smith,25,Los Angeles
903,Bob Johnson,40,Chicago
904,Alice Williams,35,Houston
905,Michael Brown,28,Phoenix
906,Linda Davis,32,Philadelphia
907,David Wilson,45,San Antonio
908,Susan Moore,27,San Diego
909,James Taylor,38,Dallas
910,Patricia Anderson,29,San Jose
911,Chris Lee,31,San Francisco
912,Jessica White,26,Seattle
913,Daniel Harris,33,Denver
914,Karen Martin,37,Boston
915,Matthew Clark,41,Portland
916,Nancy Lewis,34,Las Vegas
917,Paul Young,39,Miami
918,Laura King,36,Atlanta
919,Mark Wright,42,Orlando
920,Emily Scott,24,Minneapolis
921,Steven Green,43,Detroit
922,Betty Adams,44,Charlotte
923,George Baker,23,Columbus
924,Dorothy Nelson,22,Indianapolis
925,Edward Carter,21,Fort Worth
926,Helen Mitchell,20,El Paso
927,Frank Perez,19,Nashville
928,Ruth Roberts,18,Memphis
929,Raymond Turner,17,Oklahoma City
930,Shirley Phillips,16,Louisville
931,Jack Campbell,15,Baltimore
932,Janet Parker,14,Milwaukee
933,Henry Evans,13,Albuquerque
934,Emma Edwards,12,Tucson
935,Samuel Collins,11,Fresno
936,Virginia Stewart,10,Sacramento
937,Arthur Sanchez,9,Kansas City
938,Rebecca Morris,8,Long Beach
939,Harold Rogers,7,Mesa
940,Anna Reed,6,Colorado Springs
941,Carl Cook,5,Virginia Beach
942,Gloria Morgan,4,Omaha
943,Joe Bell,3,Oakland
944,Alice Murphy,2,Minneapolis
945,Peter Bailey,1,Tulsa
946,John Doe,30,New York
947,Jane Smith,25,Los Angeles
948,Bob Johnson,40,Chicago
949,Alice Williams,35,Houston
950,Michael Brown,28,Phoenix
951,Linda Davis,32,Philadelphia
952,David Wilson,45,San Antonio
953,Susan Moore,27,San Diego
954,James Taylor,38,Dallas
955,Patricia Anderson,29,San Jose
956,Chris Lee,31,San Francisco
957,Jessica White,26,Seattle
958,Daniel Harris,33,Denver
959,Karen Martin,37,Boston
960,Matthew Clark,41,Portland
961,Nancy Lewis,34,Las Vegas
962,Paul Young,39,Miami
963,Laura King,36,Atlanta
964,Mark Wright,42,Orlando
965,Emily Scott,24,Minneapolis
966,Steven Green,43,Detroit
967,Betty Adams,44,Charlotte
968,George Baker,23,Columbus
969,Dorothy Nelson,22,Indianapolis
970,Edward Carter,21,Fort Worth
971,Helen Mitchell,20,El Paso
972,Frank Perez,19,Nashville
973,Ruth Roberts,18,Memphis
974,Raymond Turner,17,Oklahoma City
975,Shirley Phillips,16,Louisville
976,Jack Campbell,15,Baltimore
977,Janet Parker,14,Milwaukee
978,Henry Evans,13,Albuquerque
979,Emma Edwards,12,Tucson
980,Samuel Collins,11,Fresno
981,Virginia Stewart,10,Sacramento
982,Arthur Sanchez,9,Kansas City
983,Rebecca Morris,8,Long Beach
984,Harold Rogers,7,Mesa
985,Anna Reed,6,Colorado Springs
986,Carl Cook,5,Virginia Beach
987,Gloria Morgan,4,Omaha
988,Joe Bell,3,Oakland
989,Alice Murphy,2,Minneapolis
990,Peter Bailey,1,Tulsa
991,John Doe,30,New York
992,Jane Smith,25,Los Angeles
993,Bob Johnson,40,Chicago
994,Alice Williams,35,Houston
995,Michael Brown,28,Phoenix
996,Linda Davis,32,Philadelphia
997,David Wilson,45,San Antonio
998,Susan Moore,27,San Diego
999,James Taylor,38,Dallas
1000,Patricia Anderson,29,San Jose
